ImageID,Subset,OriginalURL,OriginalLandingURL,License,AuthorProfileURL,Author,Title,OriginalSize,OriginalMD5,Thumbnail300KURL
000026e7ee790996,test,https://farm7.staticflickr.com/5769/21094803716_da3cea21b8_o.jpg,https://www.flickr.com/photos/132646954@N02/21094803716,https://creativecommons.org/licenses/by/2.0/,https://www.flickr.com/people/132646954@N02/,"dronepicr","Chichen Itza Mexico",7825604,EEGQ0ZQ/OxJAIGzfJ6LMvw==,https://c1.staticflickr.com/6/5769/21094803716_083fb31bd4_z.jpg
000062a39995e348,test,https://c1.staticflickr.com/4/3743/11539980784_b52f835317_o.jpg,https://www.flickr.com/photos/deniwlp84/11539980784,https://creativecommons.org/licenses/by/2.0/,https://www.flickr.com/people/deniwlp84/,"Deni Williams","Parque Zool√≥gico de S√£o Paulo / Sao Paulo Zoo",4227077,oc+H0KgW0sxyEgAlfOiQDQ==,https://c3.staticflickr.com/4/3743/11539980784_154b004f70_z.jpg
0000c64e1253d68f,test,https://c8.staticflickr.com/7/6007/6010263871_9d6dbce6ce_o.jpg,https://www.flickr.com/photos/ladydragonflyherworld/6010263871,https://creativecommons.org/licenses/by/2.0/,https://www.flickr.com/people/ladydragonflyherworld/,"LadyDragonflyCC - &gt;;&lt;","Redneck Figure 8's",1744183,Xufa/rhlOnBQSotR/8Gqhg==,https://c7.staticflickr.com/7/6007/6010263871_df93fb6382_z.jpg
000132c20b84269b,test,https://c4.staticflickr.com/9/8555/15625756039_a60b0bd0a5_o.jpg,https://www.flickr.com/photos/ministeriodesaludneuquen/15625756039,https://creativecommons.org/licenses/by/2.0/,https://www.flickr.com/people/ministeriodesaludneuquen/,"Ministerio de Salud de Neuquen","consultorio ecografia piedra del Aguila (4)",461828,uPw/ycB1skL/byjF0AYJKA==,https://c3.staticflickr.com/9/8555/15625756039_d59f4e16fa_z.jpg
0002ab0af02e4a77,test,https://farm8.staticflickr.com/7214/7337479734_53f1048393_o.jpg,https://www.flickr.com/photos/heatheronhertravels/7337479734,https://creativecommons.org/licenses/by/2.0/,https://www.flickr.com/people/heatheronhertravels/,"Heather Cowper","King Neptune scarecrow at La Seigneurie gardens on #Sark I looked a bit scarecrow-like myself after cycling round the island",165352,NRy8lYJlGUkHRRzeY65smw==,https://c4.staticflickr.com/8/7214/7337479734_6068c48ede_z.jpg
0002cc8afaf1b611,test,https://farm2.staticflickr.com/3299/3509371657_096da0a7e6_o.jpg,https://www.flickr.com/photos/plutor/3509371657,https://creativecommons.org/licenses/by/2.0/,https://www.flickr.com/people/plutor/,"Logan Ingalls","Demo",224667,MXSNPEBGjmYxSa8MG6z6Ww==,https://c6.staticflickr.com/4/3299/3509371657_d001f34146_z.jpg?zz=1
0003d84e0165d630,test,https://farm1.staticflickr.com/2934/14439122755_d4af7552d1_o.jpg,https://www.flickr.com/photos/sarahandiain/14439122755/,https://creativecommons.org/licenses/by/2.0/,https://www.flickr.com/people/sarahandiain/,"Iain and Sarah","Missing flying saucer search",5159064,ts6/kaaAhoAOCWpUqL3W3w==,https://c1.staticflickr.com/3/2934/14439122755_f967f0bae5_z.jpg
000411001ff7dd4f,test,https://c8.staticflickr.com/4/3837/14866578404_0bb9f1045c_o.jpg,https://www.flickr.com/photos/quirky/14866578404,https://creativecommons.org/licenses/by/2.0/,https://www.flickr.com/people/quirky/,"Wendy Harman","Chicken friends on hike to fortress in Lopud",1992202,tIcFphdfWtmCcZcHDlup7A==,https://c6.staticflickr.com/4/3837/14866578404_d4ba6f82be_z.jpg
00045d609ca3f4eb,test,https://c4.staticflickr.com/6/5526/10651532013_bde2836c21_o.jpg,https://www.flickr.com/photos/juggernautco/10651532013,https://creativecommons.org/licenses/by/2.0/,https://www.flickr.com/people/juggernautco/,"Daniel X. O&#x27;Neil","Caleb Carving Pumpkin",6956054,w7BUpcjmRDP96Z9XE+Z2Jg==,https://c8.staticflickr.com/6/5526/10651532013_e1652217ae_z.jpg
00068d5450f0358b,test,https://c4.staticflickr.com/1/52/129983132_b668be4a47_o.jpg,https://www.flickr.com/photos/beggs/129983132,https://creativecommons.org/licenses/by/2.0/,https://www.flickr.com/people/beggs/,"Brian Jeffery Beggerly","IMG_2643",602094,RJukq9y/Vtb/25YxZPSuRA==,https://c4.staticflickr.com/1/52/129983132_b668be4a47_z.jpg?zz=1
0006acf221a3e1d1,test,https://farm2.staticflickr.com/7221/7223448196_7927874f3e_o.jpg,https://www.flickr.com/photos/andrewarchy/7223448196,https://creativecommons.org/licenses/by/2.0/,https://www.flickr.com/people/andrewarchy/,"andrewarchy","Jerusalem Mix @ Mi Va Me",2077825,JYvI721GQJfKb2hL/c3t+w==,https://c7.staticflickr.com/8/7221/7223448196_06656910a2_z.jpg
000794c94c6d86ea,test,https://c3.staticflickr.com/4/3372/3557249560_fa83b3c878_o.jpg,https://www.flickr.com/photos/quintanomedia/3557249560,https://creativecommons.org/licenses/by/2.0/,https://www.flickr.com/people/quintanomedia/,"Anthony Quintano","sorbet the venetian",1664369,VY9NoAWZpbGTeZ4D+lwQcg==,https://c6.staticflickr.com/4/3372/3557249560_f52284bf41_z.jpg
0007ef7b46ad6bb8,test,https://c1.staticflickr.com/4/3837/14230768839_436bc3cf5e_o.jpg,https://www.flickr.com/photos/billward/14230768839/,https://creativecommons.org/licenses/by/2.0/,https://www.flickr.com/people/billward/,"Bill Ward","P1040757",6356992,YgdG0PRRk8n5pBxqnynVuQ==,https://c3.staticflickr.com/4/3837/14230768839_ff1f4e5484_z.jpg
00090369f46e7b9e,test,https://c7.staticflickr.com/6/5293/5519261614_021d7bc5a2_o.jpg,https://www.flickr.com/photos/fm_andreas/5519261614,https://creativecommons.org/licenses/by/2.0/,https://www.flickr.com/people/fm_andreas/,"fm_andreas","Yamaha TQ5 main board",4925676,dAFE0RuatBKjgp0Ttpq2Pw==,https://c8.staticflickr.com/6/5293/5519261614_584995f15b_z.jpg
00094d5e8b3cb038,test,https://c1.staticflickr.com/6/5302/5604843970_cb23ec78c5_o.jpg,https://www.flickr.com/photos/superwebdeveloper/5604843970,https://creativecommons.org/licenses/by/2.0/,https://www.flickr.com/people/superwebdeveloper/,"MartialArtsNomad.com","Mike Dowsett vs Aman Ajula",968796,uCiGTF3Y57ztqVNOsNcOHw==,https://c3.staticflickr.com/6/5302/5604843970_df8384e8e7_z.jpg
000a546e910f0a6b,test,https://c4.staticflickr.com/1/55/155642663_7e28e8b2ff_o.jpg,https://www.flickr.com/photos/deadling/155642663,https://creativecommons.org/licenses/by/2.0/,https://www.flickr.com/people/deadling/,"Eric","Flowers from Balconey",347895,A/sdaKZt7nA+kPkArDJTKw==,https://c5.staticflickr.com/1/55/155642663_7e28e8b2ff_z.jpg?zz=1
000aa0b1c8fd5ddf,test,https://c8.staticflickr.com/1/33/48901634_c792cbab58_o.jpg,https://www.flickr.com/photos/jcheng/48901634,https://creativecommons.org/licenses/by/2.0/,https://www.flickr.com/people/jcheng/,"Joe Cheng","Huddle",4178888,iUZaXZsMvVV1fGgQvHL99Q==,https://c1.staticflickr.com/1/33/48901634_c792cbab58_z.jpg
000b14e4ee4a2b2b,test,https://c4.staticflickr.com/9/8076/8425490694_a222c17be5_o.jpg,https://www.flickr.com/photos/76969036@N02/8425490694,https://creativecommons.org/licenses/by/2.0/,https://www.flickr.com/people/76969036@N02/,"David Guo","gmc_08sierra2500crewcab_angularfront_Large",44061,owo6r94uqqiLrDNDLsR8BA==,
000b6e5bfa3e2a34,test,https://farm5.staticflickr.com/3710/10921149963_e04ba75721_o.jpg,https://www.flickr.com/photos/budawood/10921149963,https://creativecommons.org/licenses/by/2.0/,https://www.flickr.com/people/budawood/,"budawood","Picture 343ŸÅÿ∑Ÿàÿ± ÿßŸÑÿπŸäÿØ",153932,MmgTRYuP1uhG/z8jFUJleg==,https://c4.staticflickr.com/4/3710/10921149963_027e750820_z.jpg
000c5171b38d4bb0,test,https://farm1.staticflickr.com/7168/6812825195_32ebeabc8a_o.jpg,https://www.flickr.com/photos/57741776@N05/6812825195,https://creativecommons.org/licenses/by/2.0/,https://www.flickr.com/people/57741776@N05/,"McArdle&#x27;s5","Tourist site",4980736,JASPMn1Ajjwb2K+IzdjOjA==,https://c7.staticflickr.com/8/7168/6812825195_de5584bab9_z.jpg
000c5f3f0b58ce18,test,https://c1.staticflickr.com/8/7687/17388444741_9f878134a7_o.jpg,https://www.flickr.com/photos/motomachi24/17388444741,https://creativecommons.org/licenses/by/2.0/,https://www.flickr.com/people/motomachi24/,"Ryuichi IKEDA","20150506_181631.jpg",1348124,TmZaK4PaX4k4sNRch5dnlA==,https://c6.staticflickr.com/8/7687/17388444741_0fbab08472_z.jpg
000ccf1d00f7f1cd,test,https://c6.staticflickr.com/4/3661/3291298501_e958aea912_o.jpg,https://www.flickr.com/photos/hotash/3291298501,https://creativecommons.org/licenses/by/2.0/,https://www.flickr.com/people/hotash/,"Hotash","Lick",2760704,0knmcdLikSq0G0AF+59zdA==,https://c2.staticflickr.com/4/3661/3291298501_9a8eed3fa0_z.jpg
000cf5859025877f,test,https://c8.staticflickr.com/1/95/225924145_085fb225b7_o.jpg,https://www.flickr.com/photos/johndal/225924145,https://creativecommons.org/licenses/by/2.0/,https://www.flickr.com/people/johndal/,"johndal","Mammy Mammy - there's a spider!",116280,74lb4JJlCqtJEGYGHtA53g==,https://c8.staticflickr.com/1/95/225924145_085fb225b7_z.jpg?zz=1
000d5efd9500e718,test,https://c1.staticflickr.com/1/1/359504_987ba125a3_o.jpg,https://www.flickr.com/photos/sfj/359504,https://creativecommons.org/licenses/by/2.0/,https://www.flickr.com/people/sfj/,"iMorpheus","Fog",163796,N0SCd1FGU9OqApPnY0DxBQ==,https://c3.staticflickr.com/1/1/359504_987ba125a3_z.jpg?zz=1
000dbcc283d87f67,test,https://farm8.staticflickr.com/5517/11621697256_e5e23dd073_o.jpg,https://www.flickr.com/photos/jhayat/11621697256,https://creativecommons.org/licenses/by/2.0/,https://www.flickr.com/people/jhayat/,"Aziz J.Hayat","The Environment - ÿ™ÿµŸàŸäÿ± ÿπÿ®ÿØÿßŸÑÿπÿ≤Ÿäÿ≤ ÿ¨ŸàŸáÿ± ÿ≠Ÿäÿßÿ™",1362015,AbaTmr9kbUV/AzJlvZtnRQ==,https://c8.staticflickr.com/6/5517/11621697256_34de04e545_z.jpg
000e4e7ed48c932d,test,https://c6.staticflickr.com/6/5158/5835265287_7e3fa45e72_o.jpg,https://www.flickr.com/photos/letorri/5835265287,https://creativecommons.org/licenses/by/2.0/,https://www.flickr.com/people/letorri/,"Gabriele Cantini","DSCN3111",1975612,eTtrntsaFcQjTqSVyebMeA==,https://c7.staticflickr.com/6/5158/5835265287_9d7da205d6_z.jpg
000e80d5874dd0fd,test,https://c6.staticflickr.com/6/5642/20538800186_5b2f77d0a2_o.jpg,https://www.flickr.com/photos/sousui/20538800186,https://creativecommons.org/licenses/by/2.0/,https://www.flickr.com/people/sousui/,"Toukou Sousui Ê∑ôÁ©ÇÈ∂´ÁÆú","Xiaolongbao Â∞èÁ±†ÂåÖ",272697,pI/dXk3eZ+9CUC2ZS+xTIw==,https://c3.staticflickr.com/6/5642/20538800186_771d80f128_z.jpg
000e922afca093bd,test,https://c6.staticflickr.com/1/359/20236827906_9e05b66ea8_o.jpg,https://www.flickr.com/photos/rusty_clark/20236827906,https://creativecommons.org/licenses/by/2.0/,https://www.flickr.com/people/rusty_clark/,"Rusty Clark - On the Air M-F 8am-noon","Yum's Chinese Restaurant",2551588,5T4TB7ST0TTa6g/irnq6ZQ==,https://c3.staticflickr.com/1/359/20236827906_1fefbe4332_z.jpg
00108e3a60a46128,test,https://c1.staticflickr.com/1/97/240863221_36ca5b3e92_o.jpg,https://www.flickr.com/photos/rneches/240863221,https://creativecommons.org/licenses/by/2.0/,https://www.flickr.com/people/rneches/,"Russell Neches","DSC_0687.JPG",1603270,hsJEQp99RtkvCO1HDhimOA==,https://c5.staticflickr.com/1/97/240863221_36ca5b3e92_z.jpg
0010a3d096cd57b2,test,https://farm3.staticflickr.com/2779/4446802603_580d240f2f_o.jpg,https://www.flickr.com/photos/deepsphotos/4446802603,https://creativecommons.org/licenses/by/2.0/,https://www.flickr.com/people/deepsphotos/,"DeepBluC","IMG_0838",762871,gbeCAMobN2B051dj5CK1RA==,https://c3.staticflickr.com/3/2779/4446802603_7560424dd3_z.jpg
0012a7cf33c6f427,test,https://farm8.staticflickr.com/4122/5221106861_aa59373f42_o.jpg,https://www.flickr.com/photos/squeekphoto/5221106861,https://creativecommons.org/licenses/by/2.0/,https://www.flickr.com/people/squeekphoto/,"Squeek Photo","reindeer",232500,QonDFVhZ1fodkZuTzLyQWg==,https://c3.staticflickr.com/5/4122/5221106861_9f1b0ccf72_z.jpg
0012aacda256f0fb,test,https://c4.staticflickr.com/4/3302/3566238446_c8d0d792d0_o.jpg,https://www.flickr.com/photos/naomi_king/3566238446,https://creativecommons.org/licenses/by/2.0/,https://www.flickr.com/people/naomi_king/,"Naomi King","Starlite Jewelry Designs ~ Briolette Earrings ~ Jewelry Design",629621,1G8Z88B4BhxxBf/t2uN92Q==,https://c2.staticflickr.com/4/3302/3566238446_37635eb935_z.jpg
0012ec178d47386d,test,https://c6.staticflickr.com/4/3549/3384536454_53b35ccaa4_o.jpg,https://www.flickr.com/photos/kalleboo/3384536454,https://creativecommons.org/licenses/by/2.0/,https://www.flickr.com/people/kalleboo/,"Karl Baron","Sound baffle",1463503,XonBLC1/mLhIRkxtC9sjDA==,https://c2.staticflickr.com/4/3549/3384536454_00c899031b_z.jpg
00132ce7803368cf,test,https://c8.staticflickr.com/6/5511/9675354786_584a0cf208_o.jpg,https://www.flickr.com/photos/katefisher/9675354786,https://creativecommons.org/licenses/by/2.0/,https://www.flickr.com/people/katefisher/,"Kate Fisher","Red Wine Pasta Sauce",7214799,KILDfPnOFQrMYQAk4/eCJA==,https://c6.staticflickr.com/6/5511/9675354786_517b4162d4_z.jpg
001341ae9926808d,test,https://c6.staticflickr.com/3/2412/2249921758_4730f5e10f_o.jpg,https://www.flickr.com/photos/adavey/2249921758,https://creativecommons.org/licenses/by/2.0/,https://www.flickr.com/people/adavey/,"A.Davey","La Corrida - Maracay, Venezuela 1964",422822,yAVSAwvrBnd7t9KCkiu1Qg==,https://c7.staticflickr.com/3/2412/2249921758_dac79a1519_z.jpg?zz=1
0013a0927e6bbefc,test,https://c5.staticflickr.com/4/3233/3144113570_68e3833ed2_o.jpg,https://www.flickr.com/photos/tungkai/3144113570,https://creativecommons.org/licenses/by/2.0/,https://www.flickr.com/people/tungkai/,"Chung-Kao Wei","2008-12-28_Âü∫ÈöÜË≥ΩËªäÈÅì 003.jpg",179877,8KXeYuKndWRMHvvGhx0RFw==,https://c2.staticflickr.com/4/3233/3144113570_3e2779df9d_z.jpg?zz=1
0013bd1e79c796c0,test,https://farm1.staticflickr.com/8321/7908413102_321680236d_o.jpg,https://www.flickr.com/photos/defaulterror/7908413102,https://creativecommons.org/licenses/by/2.0/,https://www.flickr.com/people/defaulterror/,"Derek Clark","Duna na na na na na na na BATMAN!!",94162,dqNgUO9z2sqYDlE6mGtghQ==,https://c3.staticflickr.com/9/8321/7908413102_6cc27195e1_z.jpg
001429239e636aaf,test,https://c8.staticflickr.com/9/8394/8685916586_0591d25c85_o.jpg,https://www.flickr.com/photos/49653615@N00/8685916586,https://creativecommons.org/licenses/by/2.0/,https://www.flickr.com/people/49653615@N00/,"Bill","Lego iPod LCD Projector",59672,K5gVM+e7WI4xraIda2WgZA==,https://c3.staticflickr.com/9/8394/8685916586_7d5ddd73af_z.jpg
001547e7ef44a7d8,test,https://c1.staticflickr.com/3/2946/15196353300_eded85df55_o.jpg,https://www.flickr.com/photos/draco2008/15196353300,https://creativecommons.org/licenses/by/2.0/,https://www.flickr.com/people/draco2008/,"Draco2008","Whitley Bay Classic Car Show 2014",12504609,nmoscNzKtH4UmGuCkhk7Gg==,https://c6.staticflickr.com/3/2946/15196353300_2dcb1a1948_z.jpg
00156ac2ee0c3d58,test,https://c1.staticflickr.com/8/7303/8750683261_8e2fa8d4a5_o.jpg,https://www.flickr.com/photos/tomasfransen/8750683261,https://creativecommons.org/licenses/by/2.0/,https://www.flickr.com/people/tomasfransen/,"Tomas Fransen","Sevens_2013 057",228393,jdXYe7ZZ2zeP9lNLBbbzxg==,https://c4.staticflickr.com/8/7303/8750683261_8101f5edf3_z.jpg
00167b2ac2394762,test,https://farm3.staticflickr.com/3588/3404885861_1d8ae6908c_o.jpg,https://www.flickr.com/photos/pjbeardsley/3404885861,https://creativecommons.org/licenses/by/2.0/,https://www.flickr.com/people/pjbeardsley/,"Peter Beardsley","IMG_0692.JPG",1716447,s2LqJWJsk4FUeyjpoBTbgA==,https://c3.staticflickr.com/4/3588/3404885861_4094cbfd39_z.jpg
0017d9757c6f4793,test,https://farm4.staticflickr.com/3122/2354782043_f16402d20d_o.jpg,https://www.flickr.com/photos/affsum/2354782043,https://creativecommons.org/licenses/by/2.0/,https://www.flickr.com/people/affsum/,"Affiliate Summit","Declan Dunn and Rob Key",35364,6/kU2DvqCAn9KUhw7fYg6g==,
0017da7a364de4a5,test,https://farm6.staticflickr.com/7365/13906976560_fda0e4b01f_o.jpg,https://www.flickr.com/photos/76969036@N02/13906976560,https://creativecommons.org/licenses/by/2.0/,https://www.flickr.com/people/76969036@N02/,"David Guo","gmc-suburban-10",23828,+3WWCrEFpeLMStAkepM98Q==,https://c3.staticflickr.com/8/7365/13906976560_08b01f2ec2_z.jpg
00183df6ffe09093,test,https://farm4.staticflickr.com/7773/18418601792_8219cace83_o.jpg,https://www.flickr.com/photos/96928432@N05/18418601792,https://creativecommons.org/licenses/by/2.0/,https://www.flickr.com/people/96928432@N05/,"Matthew P","Prague Pub, Hanoi Vietnam",1985335,xHRpSpKJH+S/NinQeq4dQA==,https://c5.staticflickr.com/8/7773/18418601792_bf54b36fba_z.jpg
00186cd93b82866e,test,https://c7.staticflickr.com/9/8864/17554656478_c6a347aaa7_o.jpg,https://www.flickr.com/photos/nielsautos/17554656478,https://creativecommons.org/licenses/by/2.0/,https://www.flickr.com/people/nielsautos/,"Niels de Wit","1973 Ford Capri I 1600 GT",1415192,MnDyL6TurGX7TZUNqbkPrQ==,https://c4.staticflickr.com/9/8864/17554656478_22dea58ed2_z.jpg
0019340fba652d43,test,https://farm4.staticflickr.com/7534/15278478543_64f815ba0f_o.jpg,https://www.flickr.com/photos/alang7/15278478543,https://creativecommons.org/licenses/by/2.0/,https://www.flickr.com/people/alang7/,"Alang7‚Ñ¢","DSCF3396",4431764,Z0c6tgPDTExa78YanT9y6A==,https://c3.staticflickr.com/8/7534/15278478543_1029cec4e3_z.jpg
00196f975efa9471,test,https://farm2.staticflickr.com/4121/4905948975_7454229031_o.jpg,https://www.flickr.com/photos/siennapictures/4905948975,https://creativecommons.org/licenses/by/2.0/,https://www.flickr.com/people/siennapictures/,"Sienna62","Blue Scratches",569501,4+Kaqr1TOtnJ5d60wnrlRA==,https://c4.staticflickr.com/5/4121/4905948975_960f2b2f10_z.jpg
0019ac4eb659f57e,test,https://c7.staticflickr.com/2/1394/892497288_1ea041a60e_o.jpg,https://www.flickr.com/photos/jakojellema/892497288,https://creativecommons.org/licenses/by/2.0/,https://www.flickr.com/people/jakojellema/,"Jako Jellema","Untitled",2316819,jUrQZQYtsmWjvXppHCQKag==,https://c4.staticflickr.com/2/1394/892497288_b916ec820e_z.jpg
001a695ad732152b,test,https://c4.staticflickr.com/1/122/300422857_eb3a885357_o.jpg,https://www.flickr.com/photos/67782489@N00/300422857,https://creativecommons.org/licenses/by/2.0/,https://www.flickr.com/people/67782489@N00/,"lutzi_on_tour","Kongpo_man",733894,9y6txEBpXMbtHW6YXXh9gQ==,https://c3.staticflickr.com/1/122/300422857_eb3a885357_z.jpg?zz=1
001c31a8ace249e9,test,https://c2.staticflickr.com/4/3559/3320668876_b222a359b2_o.jpg,https://www.flickr.com/photos/grandexandi/3320668876,https://creativecommons.org/licenses/by/2.0/,https://www.flickr.com/people/grandexandi/,"Alexandre Hamada Possi","Somem",2656274,Q6osI0BxZ8MsMg+CzTqK5Q==,https://c4.staticflickr.com/4/3559/3320668876_a1a2cd3206_z.jpg
001cddbffb428689,test,https://c2.staticflickr.com/6/5266/5872194825_6c6ae65442_o.jpg,https://www.flickr.com/photos/98706376@N00/5872194825,https://creativecommons.org/licenses/by/2.0/,https://www.flickr.com/people/98706376@N00/,"John S. Quarterman","Tight",238956,oo9ICvgApo2mspxw6niHkQ==,https://c1.staticflickr.com/6/5266/5872194825_79fac7c426_z.jpg
001cfa87e56b76a1,test,https://farm2.staticflickr.com/5311/7110476047_7164120c3d_o.jpg,https://www.flickr.com/photos/micsworld/7110476047,https://creativecommons.org/licenses/by/2.0/,https://www.flickr.com/people/micsworld/,"Mic","Manhattan, New York - USA",2193834,+7iJmz1Xnl4a09IOEn5NCQ==,https://c6.staticflickr.com/6/5311/7110476047_267467ee68_z.jpg
001d1da154d00e83,test,https://farm4.staticflickr.com/4025/4510595451_c4a969acf4_o.jpg,https://www.flickr.com/photos/turbulentflow/4510595451,https://creativecommons.org/licenses/by/2.0/,https://www.flickr.com/people/turbulentflow/,"turbulentflow","solotrack",18716,OsGGx61QXNJLushHD/ASgA==,
001dc1a88f4bac12,test,https://farm3.staticflickr.com/5058/5389355715_0affe031ac_o.jpg,https://www.flickr.com/photos/89246112@N00/5389355715,https://creativecommons.org/licenses/by/2.0/,https://www.flickr.com/people/89246112@N00/,"Bart","Classic!",528046,EYF3p0G1o8xOGfCGmAn6Rg==,https://c2.staticflickr.com/6/5058/5389355715_e3399d68df_z.jpg
001dd90fc5ae92c9,test,https://c2.staticflickr.com/9/8439/7992895184_ec5ba35014_o.jpg,https://www.flickr.com/photos/drumminhands/7992895184,https://creativecommons.org/licenses/by/2.0/,https://www.flickr.com/people/drumminhands/,"Chris Evans","Apples",140553,gthjFrS+IXIFeAuFZwgfrQ==,https://c8.staticflickr.com/9/8439/7992895184_fe13b59b23_z.jpg
001eb42ffe74be81,test,https://farm2.staticflickr.com/6183/6097504753_48fccd022f_o.jpg,https://www.flickr.com/photos/hugo90/6097504753,https://creativecommons.org/licenses/by/2.0/,https://www.flickr.com/people/hugo90/,"JOHN LLOYD","Lincoln Room at LeMay",1759373,iFu7JVrgWSW3HkdsJmC9wQ==,https://c4.staticflickr.com/7/6183/6097504753_2971a9eaa6_z.jpg
001efdd4bdffbfc7,test,https://farm8.staticflickr.com/7135/7524431262_3693befc0e_o.jpg,https://www.flickr.com/photos/29233640@N07/7524431262,https://creativecommons.org/licenses/by/2.0/,https://www.flickr.com/people/29233640@N07/,"Robert Couse-Baker","not old enough",1471314,IzZDrjsl1yvfNun0zbEraw==,https://c6.staticflickr.com/8/7135/7524431262_9612fe0d57_z.jpg
001f0b7197c54078,test,https://c1.staticflickr.com/6/5612/15029105013_9051e15d4a_o.jpg,https://www.flickr.com/photos/126759107@N08/15029105013,https://creativecommons.org/licenses/by/2.0/,https://www.flickr.com/people/126759107@N08/,"Wag Tales:  Werribee Wagtails Newletter page","Untitled",2789124,Gc1ZYOmaCVd1Hpd7nsnMuw==,https://c3.staticflickr.com/6/5612/15029105013_72bce9fcbb_z.jpg
001f95237e94b3db,test,https://c4.staticflickr.com/8/7515/16106543870_57c7de2e19_o.jpg,https://www.flickr.com/photos/andreboeni/16106543870,https://creativecommons.org/licenses/by/2.0/,https://www.flickr.com/people/andreboeni/,"Andrew Bone","Horch 853A Sport-Cabriolet 1938",3715106,lQAJclEa+pDiDTpiqOmccQ==,https://c2.staticflickr.com/8/7515/16106543870_2f167db1e1_z.jpg
001fdc4bd0dd96f1,test,https://farm2.staticflickr.com/4107/5171127383_0967252fc9_o.jpg,https://www.flickr.com/photos/plindberg/5171127383,https://creativecommons.org/licenses/by/2.0/,https://www.flickr.com/people/plindberg/,"Peter Lindberg","Dagens lunch",4252654,8En94cT9gXJjsrZz9H7C9g==,https://c8.staticflickr.com/5/4107/5171127383_762320e4e7_z.jpg
00203708377265a0,test,https://farm1.staticflickr.com/7348/16318269170_2bebe80050_o.jpg,https://www.flickr.com/photos/mesatacticalphotos/16318269170,https://creativecommons.org/licenses/by/2.0/,https://www.flickr.com/people/mesatacticalphotos/,"Mesa Tactical","Xcaliber rifle chassis prototype",24138,lUBGwhrEFPYYzCnqA7UnKg==,https://c2.staticflickr.com/8/7348/16318269170_e708dda04e_z.jpg
0020ad0a6acaec33,test,https://farm4.staticflickr.com/7568/15983066535_ef93a26474_o.jpg,https://www.flickr.com/photos/gruenekaernten/15983066535,https://creativecommons.org/licenses/by/2.0/,https://www.flickr.com/people/gruenekaernten/,"Die Gr√ºnen K√§rnten","fasser_harald_p_HG",2149039,fgU0YYLHt/xEd9edrQsPlQ==,https://c5.staticflickr.com/8/7568/15983066535_629c335c63_z.jpg
0021520c13029a24,test,https://farm5.staticflickr.com/44/147860379_66c8b9032d_o.jpg,https://www.flickr.com/photos/13464549@N00/147860379,https://creativecommons.org/licenses/by/2.0/,https://www.flickr.com/people/13464549@N00/,"Debs","Ellla, me and Gowri",322674,UPoiqiLq12HzEVCRCmwiyg==,https://c3.staticflickr.com/1/44/147860379_66c8b9032d_z.jpg
0021653528cec6d7,test,https://farm8.staticflickr.com/6145/5942895391_f49aa08e01_o.jpg,https://www.flickr.com/photos/djackmanson/5942895391,https://creativecommons.org/licenses/by/2.0/,https://www.flickr.com/people/djackmanson/,"David Jackmanson","Blood Orange Sorbet - Seagoat's Birthday Dinner at Grub St, Gaythorne, Brisbane, Queensland, Australia-3",953167,Pdr0atLZBDy9L5Q044CQfg==,https://c7.staticflickr.com/7/6145/5942895391_0158ac2778_z.jpg
002200be72145198,test,https://c1.staticflickr.com/5/4072/4394324495_530606e03d_o.jpg,https://www.flickr.com/photos/ndrwfgg/4394324495/,https://creativecommons.org/licenses/by/2.0/,https://www.flickr.com/people/ndrwfgg/,"Andy / Andrew Fogg","d**n, bad focus",421363,9Y8h9lN3i94XZS1ls+EiLw==,https://c7.staticflickr.com/5/4072/4394324495_393994477c_z.jpg?zz=1
00220bebad614827,test,https://farm8.staticflickr.com/7/8125475_d0a1063029_o.jpg,https://www.flickr.com/photos/bdorfman/8125475,https://creativecommons.org/licenses/by/2.0/,https://www.flickr.com/people/bdorfman/,"Barnaby Dorfman","IMG_1300",993447,q+PUt86FjL6X1NFtpCG/Iw==,https://c2.staticflickr.com/1/7/8125475_d0a1063029_z.jpg
00220c8fd76b4ca0,test,https://farm1.staticflickr.com/3926/14550466174_b7c885544c_o.jpg,https://www.flickr.com/photos/ervins_strauhmanis/14550466174,https://creativecommons.org/licenses/by/2.0/,https://www.flickr.com/people/ervins_strauhmanis/,"Ervins Strauhmanis","Security camera",1337081,ZVolcWOXtqwpZQCiF/jofw==,https://c7.staticflickr.com/4/3926/14550466174_387361ba22_z.jpg
0022601d70752de3,test,https://farm4.staticflickr.com/4099/4932007125_60023bb583_o.jpg,https://www.flickr.com/photos/chrisharley/4932007125,https://creativecommons.org/licenses/by/2.0/,https://www.flickr.com/people/chrisharley/,"Christopher Harley","Don Younger pulling into the Horse Brass in his Rolls Royce.",1591220,0kfYh8BvVLbCYSjUwVijww==,https://c5.staticflickr.com/5/4099/4932007125_03d6b58533_z.jpg
00229645efaf204f,test,https://c8.staticflickr.com/6/5217/5387415067_8ed5073170_o.jpg,https://www.flickr.com/photos/west_point/5387415067,https://creativecommons.org/licenses/by/2.0/,https://www.flickr.com/people/west_point/,"West Point - The U.S. Military Academy","Kerkhof_01",1155645,1pTsbwv1V0tkkO7ZXA+npQ==,https://c3.staticflickr.com/6/5217/5387415067_4eab3578f8_z.jpg
00230b7e0c4dd589,test,https://c2.staticflickr.com/8/7016/6650485519_981a23c07b_o.jpg,https://www.flickr.com/photos/25401266@N04/6650485519,https://creativecommons.org/licenses/by/2.0/,https://www.flickr.com/people/25401266@N04/,"Michael 1203","Ha Ha Hanukah",4673280,iSXzcFwHYGWUctVxNZQg5Q==,https://c1.staticflickr.com/8/7016/6650485519_17ecbaf33b_z.jpg
00233e61f68461f5,test,https://farm6.staticflickr.com/2180/2525539133_42fd301abf_o.jpg,https://www.flickr.com/photos/twelvizm/2525539133,https://creativecommons.org/licenses/by/2.0/,https://www.flickr.com/people/twelvizm/,"Twelvizm","rat_werm_side",646529,TDWm8c2N+qA8iMBg6KyWWg==,https://c5.staticflickr.com/3/2180/2525539133_73f08a9471_z.jpg?zz=1
00257d59c916a2cf,test,https://c8.staticflickr.com/9/8662/16500302949_d6fbd7e28e_o.jpg,https://www.flickr.com/photos/andreas-kollmorgen/16500302949,https://creativecommons.org/licenses/by/2.0/,https://www.flickr.com/people/andreas-kollmorgen/,"Andreas Kollmorgen","Gareth Pugh Autumn Winter 2011",692931,Mf1zI/OBDagXRXSOBs9DOA==,https://c6.staticflickr.com/9/8662/16500302949_9267444674_z.jpg
0025a6cccec41134,test,https://farm5.staticflickr.com/1282/1247267336_d784f6c097_o.jpg,https://www.flickr.com/photos/burgermac/1247267336,https://creativecommons.org/licenses/by/2.0/,https://www.flickr.com/people/burgermac/,"Burgermac","moi dans le pacific",168084,TmSeSJo33o3xyWZN6qEQpQ==,https://c3.staticflickr.com/2/1282/1247267336_572e0db4d5_z.jpg?zz=1
00261332aea88edb,test,https://c4.staticflickr.com/4/3481/3721106156_e7dca9daa9_o.jpg,https://www.flickr.com/photos/gcworld/3721106156,https://creativecommons.org/licenses/by/2.0/,https://www.flickr.com/people/gcworld/,"gcworld","066",1987354,bGUTL3jt7ISPkbhjml1R3A==,https://c6.staticflickr.com/4/3481/3721106156_5163918bf3_z.jpg
002638f931c10b3c,test,https://c5.staticflickr.com/6/5089/5366177913_c0475b7fc4_o.jpg,https://www.flickr.com/photos/fcrippa/5366177913,https://creativecommons.org/licenses/by/2.0/,https://www.flickr.com/people/fcrippa/,"Francesco Crippa","DSC_8325",3279162,cG+h/RO94sgalUJwqvZvmQ==,https://c6.staticflickr.com/6/5089/5366177913_1ffcf42cae_z.jpg
0026d23740c5919f,test,https://c8.staticflickr.com/3/2655/3933449310_ce377dc22f_o.jpg,https://www.flickr.com/photos/carworld/3933449310,https://creativecommons.org/licenses/by/2.0/,https://www.flickr.com/people/carworld/,"Conny Sandland","KL aquaria Feuerfisch",263544,fAaaHaGZkjGqEj6qwHegMw==,https://c1.staticflickr.com/3/2655/3933449310_d66a6358bf_z.jpg
00277e220e6c1e2b,test,https://c4.staticflickr.com/4/3905/14400852868_7eaefe6d80_o.jpg,https://www.flickr.com/photos/63478301@N05/14400852868,https://creativecommons.org/licenses/by/2.0/,https://www.flickr.com/people/63478301@N05/,"Orias1978","Wallaby & Wallababy",10130601,KMQUuFYyHHdpufmm0+i3xw==,https://c5.staticflickr.com/4/3905/14400852868_f136c03e2b_z.jpg
0027ad8c5fcf4eb1,test,https://farm2.staticflickr.com/3697/9514931856_c9521a3314_o.jpg,https://www.flickr.com/photos/100269740@N07/9514931856,https://creativecommons.org/licenses/by/2.0/,https://www.flickr.com/people/100269740@N07/,"5coffees","Caffitaly system milk frother",183846,49NwV+iDf0GJmdiF8VsubQ==,https://c7.staticflickr.com/4/3697/9514931856_704c8e738b_z.jpg
0027f99a032cca4a,test,https://c3.staticflickr.com/4/3655/3284661756_8599f85213_o.jpg,https://www.flickr.com/photos/8106459@N07/3284661756,https://creativecommons.org/licenses/by/2.0/,https://www.flickr.com/people/8106459@N07/,"David~O","Dark-Eyed Junco",101126,I+ZSznWaYzrj5E/hECr6Lg==,https://c2.staticflickr.com/4/3655/3284661756_5fb4a1ab63_z.jpg?zz=1
00284b14d2aebb4d,test,https://c6.staticflickr.com/5/4068/4370423313_24898f7777_o.jpg,https://www.flickr.com/photos/47616404@N03/4370423313,https://creativecommons.org/licenses/by/2.0/,https://www.flickr.com/people/47616404@N03/,"SEAT accessoires","WTCC Leon",1189703,ZmxZfcB5tNUTDTpPGrS+tw==,https://c5.staticflickr.com/5/4068/4370423313_49f3722e85_z.jpg
00286cccb68bc518,test,https://c1.staticflickr.com/1/726/21159066835_9d3501a9df_o.jpg,https://www.flickr.com/photos/s1ingshot/21159066835,https://creativecommons.org/licenses/by/2.0/,https://www.flickr.com/people/s1ingshot/,"s1ingshot","Aramgah-e Shah-e Cheragh",3919370,gs/RxPwA/yyqAzeEujKyPw==,https://c6.staticflickr.com/1/726/21159066835_94d254fdb9_z.jpg
00290e34951731ac,test,https://c5.staticflickr.com/9/8512/8556436604_c200f4d464_o.jpg,https://www.flickr.com/photos/danboarder/8556436604,https://creativecommons.org/licenses/by/2.0/,https://www.flickr.com/people/danboarder/,"dan lundmark","Its in the 80s out! Costco berry sunday #problem #solved",73474,XEIRmWltRDgHykIJxUrWAQ==,https://c2.staticflickr.com/9/8512/8556436604_e2d9114d02_z.jpg
00292d5574d17266,test,https://farm7.staticflickr.com/7410/9614155435_9c3e573c25_o.jpg,https://www.flickr.com/photos/kasio69/9614155435,https://creativecommons.org/licenses/by/2.0/,https://www.flickr.com/people/kasio69/,"Boris Kasimov","_BRK2445 Golden King Crab",2714966,bbrp3ZZ9ncZwbRTWpuoz8A==,https://c4.staticflickr.com/8/7410/9614155435_ef55c73f4a_z.jpg
002934e5712ba154,test,https://farm5.staticflickr.com/164/340359612_df41037e73_o.jpg,https://www.flickr.com/photos/fun_flying/340359612,https://creativecommons.org/licenses/by/2.0/,https://www.flickr.com/people/fun_flying/,"D. Miller","Bricklin SV-1",325921,uMNK3TJNF0NRbsSzR/DjqQ==,https://c4.staticflickr.com/1/164/340359612_df41037e73_z.jpg
002a46e8cbba77fe,test,https://c7.staticflickr.com/3/2448/3694014992_3035f3d421_o.jpg,https://www.flickr.com/photos/hazelspray/3694014992,https://creativecommons.org/licenses/by/2.0/,https://www.flickr.com/people/hazelspray/,"hazel spray","wheat farm",633755,GOLJMrh1PpWr7yUE7fOuYw==,https://c3.staticflickr.com/3/2448/3694014992_17d4c24865_z.jpg
002a63c868c762ff,test,https://c8.staticflickr.com/4/3887/15355186716_6df28e012f_o.jpg,https://www.flickr.com/photos/13415311@N05/15355186716,https://creativecommons.org/licenses/by/2.0/,https://www.flickr.com/people/13415311@N05/,"ColdSleeper","ÊõºÁè†Ê≤ôËèØ",12152512,pUYZD0ypXOgPpVaZrzedog==,https://c3.staticflickr.com/4/3887/15355186716_281c86bea5_z.jpg
002a72617c3b1335,test,https://farm6.staticflickr.com/676/20463344603_35775f60a4_o.jpg,https://www.flickr.com/photos/rainer_klute/20463344603,https://creativecommons.org/licenses/by/2.0/,https://www.flickr.com/people/rainer_klute/,"Rainer Klute","Audio-Aufnahmeger√§t Olympus LS-14",206923,7L4hEtY0uyLyQQg9YDg16Q==,https://c6.staticflickr.com/1/676/20463344603_cef7a065c1_z.jpg
002afe9e08cc03b1,test,https://farm2.staticflickr.com/460/19577109682_b93eba4c8c_o.jpg,https://www.flickr.com/photos/12707238@N00/19577109682,https://creativecommons.org/licenses/by/2.0/,https://www.flickr.com/people/12707238@N00/,"Eric.Ray","I never win",2266610,IMUvVuDwvMvHD7bFYRLKxA==,https://c4.staticflickr.com/1/460/19577109682_a0282d8678_z.jpg
002b178107c99ba7,test,https://farm8.staticflickr.com/5005/5356517508_b629917c6c_o.jpg,https://www.flickr.com/photos/kellycree/5356517508,https://creativecommons.org/licenses/by/2.0/,https://www.flickr.com/people/kellycree/,"Kelly Cree","First successful vegan buttercream frosting!",113344,uf9676yPt0MgNh/Yeau6Yg==,https://c6.staticflickr.com/6/5005/5356517508_2a254056ae_z.jpg
002b7b427862f33d,test,https://c6.staticflickr.com/5/4024/4494423946_833fc7ddae_o.jpg,https://www.flickr.com/photos/hagge/4494423946,https://creativecommons.org/licenses/by/2.0/,https://www.flickr.com/people/hagge/,"Henry Hagn√§s","&quot;The Thinker&quot;",1720006,XHkA0JRe29x6f+/Eh7S4wg==,https://c6.staticflickr.com/5/4024/4494423946_ea36245a4e_z.jpg
002bd0ca1e119db7,test,https://farm8.staticflickr.com/5309/5604828850_087c42f44c_o.jpg,https://www.flickr.com/photos/superwebdeveloper/5604828850,https://creativecommons.org/licenses/by/2.0/,https://www.flickr.com/people/superwebdeveloper/,"MartialArtsNomad.com","Adjin Nazik vs Billy Ghumman",945896,osQyX0ZsGe0gZEBX8nvHQg==,https://c5.staticflickr.com/6/5309/5604828850_35d7754e39_z.jpg
002d966db9db634c,test,https://c5.staticflickr.com/1/645/21352235472_6e8241f274_o.jpg,https://www.flickr.com/photos/thart2009/21352235472,https://creativecommons.org/licenses/by/2.0/,https://www.flickr.com/people/thart2009/,"Tom Hart","Draft Horse Pullers Association of Ohio",969435,9X00cmYC06elYTO9PRqYeA==,https://c5.staticflickr.com/1/645/21352235472_cf39da337a_z.jpg
002f5082ace5d2b0,test,https://farm1.staticflickr.com/5092/5575004957_2133e371a2_o.jpg,https://www.flickr.com/photos/katerha/5575004957,https://creativecommons.org/licenses/by/2.0/,https://www.flickr.com/people/katerha/,"Kate Ter Haar","Toyota Rav4",2007882,IngEIawGzxiiqe6kndx5ew==,https://c7.staticflickr.com/6/5092/5575004957_c281c5de1f_z.jpg
002f93526572d939,test,https://c2.staticflickr.com/3/2518/4118454787_933305dc02_o.jpg,https://www.flickr.com/photos/moonlightbulb/4118454787,https://creativecommons.org/licenses/by/2.0/,https://www.flickr.com/people/moonlightbulb/,"Selena N. B. H.","English Westminster",3730944,m/KCCoNEF1zrVcm+A7EaHg==,https://c8.staticflickr.com/3/2518/4118454787_4ef7b1588f_z.jpg
002fae7598f8be2b,test,https://c4.staticflickr.com/8/7477/15607276898_5f2e3bae27_o.jpg,https://www.flickr.com/photos/all7lwa/15607276898,https://creativecommons.org/licenses/by/2.0/,https://www.flickr.com/people/all7lwa/,"Mirymah ~‚úø","#ÿ®ÿ≥ÿ®Ÿàÿ≥ÿ© ÿßŸÑŸÅÿ≥ÿ™ŸÇ üíöüíóüëå#ŸÖÿßÿ¥ÿßÿ°ÿßŸÑŸÑŸá",168332,g120kO0q2UMUY869BImFoQ==,https://c2.staticflickr.com/8/7477/15607276898_8549a20fb8_z.jpg
0030c22c0c3e0ed1,test,https://farm2.staticflickr.com/4088/5097373980_99d91ab1a0_o.jpg,https://www.flickr.com/photos/ge_photo/5097373980,https://creativecommons.org/licenses/by/2.0/,https://www.flickr.com/people/ge_photo/,"George Vale","Auto da Liberdade",1992863,ptQ0PSm9k5K87GnUngN2sw==,https://c7.staticflickr.com/5/4088/5097373980_e4fbe55988_z.jpg
0031001d92bed205,test,https://farm6.staticflickr.com/7030/6585330609_49f5834e99_o.jpg,https://www.flickr.com/photos/kwintin/6585330609,https://creativecommons.org/licenses/by/2.0/,https://www.flickr.com/people/kwintin/,"Quentin Meulepas","Foire de Li√®ge 240",1612091,xmqNyP3q1RSyedeA0a5HYQ==,https://c4.staticflickr.com/8/7030/6585330609_e783db9cf1_z.jpg
003173245832d0cb,test,https://c4.staticflickr.com/8/7099/7331113978_af8907b762_o.jpg,https://www.flickr.com/photos/cleide_isabel/7331113978,https://creativecommons.org/licenses/by/2.0/,https://www.flickr.com/people/cleide_isabel/,"Cleide  Isabel","02",50129,TfYzgcnKdWrlzCEfsAGdpw==,https://c1.staticflickr.com/8/7099/7331113978_6f15a91a95_z.jpg
0032485d3a9720dc,test,https://c5.staticflickr.com/8/7283/16285911970_02ef76d642_o.jpg,https://www.flickr.com/photos/ethanhunt2009/16285911970,https://creativecommons.org/licenses/by/2.0/,https://www.flickr.com/people/ethanhunt2009/,"Wunna Phyoe","DSC08199",1456408,87vT+q08aH7pX5NE0knO7A==,https://c4.staticflickr.com/8/7283/16285911970_8f53134cc1_z.jpg
